<?xml version="1.0"?>
<ElectricityBill xmlns:xsi="http://www.w3.org/2001/XMLSchema-instance"
xsi:noNamespaceSchemaLocation="bill.xsd">
	<Bill>
		<Bill_No>101</Bill_No>
		<Consumer_No>12342111</Consumer_No>
		<Bill_Amount>300</Bill_Amount>
		<Bill_Paid_Date>2010-01-10</Bill_Paid_Date>
	</Bill>
	<Bill>
		<Bill_No>102</Bill_No>
		<Consumer_No>17531111</Consumer_No>
		<Bill_Amount>650</Bill_Amount>
		<Bill_Paid_Date>2005-11-10</Bill_Paid_Date>
	</Bill>
	<Bill>
		<Bill_No>103</Bill_No>
		<Consumer_No>17533411</Consumer_No>
		<Bill_Amount>870</Bill_Amount>
		<Bill_Paid_Date>2011-12-19</Bill_Paid_Date>
	</Bill>
	<Bill>
		<Bill_No>104</Bill_No>
		<Consumer_No>12322110</Consumer_No>
		<Bill_Amount>530</Bill_Amount>
		<Bill_Paid_Date>2006-06-23</Bill_Paid_Date>
	</Bill>
	<Bill>
		<Bill_No>105</Bill_No>
		<Consumer_No>12432121</Consumer_No>
		<Bill_Amount>1790</Bill_Amount>
		<Bill_Paid_Date>2004-02-05</Bill_Paid_Date>
	</Bill>
	
</ElectricityBill>
